{"parts":{"entityname65EA6565295D4532922E7C5FBC48F9B5":{"clipname1_26EF815F67E44A2E9B6924A31C5891DE":{"alphaFactor":1.0,"blendmode":1001,"fps":0,"height":960,"textureIdx":{"idx":[0,0,1,1,2,2,3,3,4,4,5,5,6,6,7,7,8,8,9,9,10,10,11,11,12,12,13,13,14,14,15,15,16,16,17,17,18,18,19,19,20,20,21,21,22,22,23,23,24,24,25,25,26,26,27,27,28,28,29,29,30,30,31,31],"type":"image"},"transformParams":{"position":{"point0":{"anchor":[0.0,0.5],"point":[{"idx":"topright","relationRef":0,"relationType":"foreground","weight":0.0},{"idx":"bottomleft","relationRef":0,"relationType":"foreground","weight":0.5000000104308129}]},"point1":{"anchor":[1.0,0.5],"point":[{"idx":"topright","relationRef":0,"relationType":"foreground","weight":1.0},{"idx":"bottomleft","relationRef":0,"relationType":"foreground","weight":0.5000000104308129}]}},"relation":{"foreground":1},"relationIndex":[0],"relationRefOrder":0,"rotationtype":1,"scale":{"scaleY":{"factor":1.0}}},"transformType":"FOLLOW","width":540,"zorder":5000}}},"texturefiles":["ribvjkmp_1551174888/ribvjkmp_1551174888_000.png","ribvjkmp_1551174888/ribvjkmp_1551174888_001.png","ribvjkmp_1551174888/ribvjkmp_1551174888_002.png","ribvjkmp_1551174888/ribvjkmp_1551174888_003.png","ribvjkmp_1551174888/ribvjkmp_1551174888_004.png","ribvjkmp_1551174888/ribvjkmp_1551174888_005.png","ribvjkmp_1551174888/ribvjkmp_1551174888_006.png","ribvjkmp_1551174888/ribvjkmp_1551174888_007.png","ribvjkmp_1551174888/ribvjkmp_1551174888_008.png","ribvjkmp_1551174888/ribvjkmp_1551174888_009.png","ribvjkmp_1551174888/ribvjkmp_1551174888_010.png","ribvjkmp_1551174888/ribvjkmp_1551174888_011.png","ribvjkmp_1551174888/ribvjkmp_1551174888_012.png","ribvjkmp_1551174888/ribvjkmp_1551174888_013.png","ribvjkmp_1551174888/ribvjkmp_1551174888_014.png","ribvjkmp_1551174888/ribvjkmp_1551174888_015.png","ribvjkmp_1551174888/ribvjkmp_1551174888_016.png","ribvjkmp_1551174888/ribvjkmp_1551174888_017.png","ribvjkmp_1551174888/ribvjkmp_1551174888_018.png","ribvjkmp_1551174888/ribvjkmp_1551174888_019.png","ribvjkmp_1551174888/ribvjkmp_1551174888_020.png","ribvjkmp_1551174888/ribvjkmp_1551174888_021.png","ribvjkmp_1551174888/ribvjkmp_1551174888_022.png","ribvjkmp_1551174888/ribvjkmp_1551174888_023.png","ribvjkmp_1551174888/ribvjkmp_1551174888_024.png","ribvjkmp_1551174888/ribvjkmp_1551174888_025.png","ribvjkmp_1551174888/ribvjkmp_1551174888_026.png","ribvjkmp_1551174888/ribvjkmp_1551174888_027.png","ribvjkmp_1551174888/ribvjkmp_1551174888_028.png","ribvjkmp_1551174888/ribvjkmp_1551174888_029.png","ribvjkmp_1551174888/ribvjkmp_1551174888_030.png","ribvjkmp_1551174888/ribvjkmp_1551174888_031.png"],"version":"2.9.1"}
