{
    "stretch": {
        "count": 39,
        "dst": [
            273.2650146484375,
            380.0269470214844,
            443.9429931640625,
            379.6080017089844,
            359.36798095703125,
            474.0419921875,
            359.135986328125,
            987.4522094726562,
            556.1867065429688,
            539.5642700195312,
            509.97491455078125,
            519.6223754882812,
            163.8132781982422,
            539.5642700195312,
            210.0251007080078,
            519.6223754882812,
            625.0242919921875,
            607.9007568359375,
            94.9757080078125,
            607.9007568359375,
            637.7546997070312,
            756.7379150390625,
            82.24529266357422,
            756.7379150390625,
            607.164306640625,
            851.5899658203125,
            112.835693359375,
            851.5899658203125,
            562.7402954101562,
            897.56494140625,
            157.2596893310547,
            897.56494140625,
            333.93310546875,
            677.5357666015625,
            386.0669250488281,
            677.5357666015625,
            360.3379821777344,
            726.8026733398438,
            306.1354675292969,
            734.2420043945312,
            413.86456298828125,
            734.2420043945312,
            329.98809814453125,
            750.7013549804688,
            360.2728576660156,
            749.2122802734375,
            390.01190185546875,
            750.7013549804688,
            219.34225463867188,
            721.1829223632812,
            500.6577453613281,
            721.1829223632812,
            199.28179931640625,
            885.8125610351562,
            520.7182006835938,
            885.8125610351562,
            298.8644104003906,
            822.8092651367188,
            421.1354064941406,
            822.8088989257812,
            303.4906921386719,
            832.0846557617188,
            416.50872802734375,
            832.0846557617188,
            360.0464172363281,
            882.041015625,
            200.7366943359375,
            599.8331298828125,
            208.54527282714844,
            587.4578247070312,
            218.09153747558594,
            583.8236694335938,
            519.2633666992188,
            599.8331298828125,
            511.4547424316406,
            587.4578247070312,
            501.73126220703125,
            583.8177490234375
        ],
        "index": 0,
        "rate": 1,
        "src": [
            273.2650146484375,
            380.0270080566406,
            443.9429931640625,
            379.6080017089844,
            359.3680114746094,
            474.0419921875,
            359.718994140625,
            985.0980224609375,
            558.7540283203125,
            540.89599609375,
            512.9340209960938,
            515.302978515625,
            160.32000732421875,
            542.4840087890625,
            205.89700317382812,
            516.7940063476562,
            605.5889892578125,
            608.6510009765625,
            110.91699981689453,
            610.176025390625,
            576.8330078125,
            766.4860229492188,
            141.30999755859375,
            768.3270263671875,
            552.5800170898438,
            825.8709716796875,
            166.55499267578125,
            827.4819946289062,
            517.2349853515625,
            879.25,
            203.03799438476562,
            880.2529907226562,
            335.3580017089844,
            659.052978515625,
            382.0039978027344,
            659.0859985351562,
            358.3269958496094,
            735.25,
            298.9670104980469,
            744.927001953125,
            418.9989929199219,
            744.9420166015625,
            317.7250061035156,
            766.3870239257812,
            358.66400146484375,
            772.3790283203125,
            400.6239929199219,
            766.4500122070312,
            211.46400451660156,
            725.427001953125,
            506.2650146484375,
            724.5490112304688,
            226.0399932861328,
            861.5549926757812,
            493.7950134277344,
            860.9199829101562,
            272.04400634765625,
            824.1599731445312,
            446.9119873046875,
            824.2589721679688,
            280.8450012207031,
            827.0009765625,
            438.1709899902344,
            827.1209716796875,
            359.802001953125,
            897.0570068359375,
            197.98699951171875,
            599.2830200195312,
            212.71600341796875,
            587.3049926757812,
            222.19000244140625,
            583.7069702148438,
            520.97998046875,
            598.7069702148438,
            506.2239990234375,
            586.9390258789062,
            496.75799560546875,
            583.4140014648438
        ]
    },